USE
`QuanLySinhVien`;


DELETE
FROM DangKy
WHERE MaNHP >= 16;

DELETE
FROM LichHoc
WHERE MaNHP >= 16;

DELETE
FROM NhomHocPhan
WHERE MaNHP >= 16;

DELETE
FROM LichDangKy
WHERE MaLichDK >= 4;


DELETE
FROM KetQua
WHERE MaKQ >= 101;

DELETE
FROM HocPhiHocPhan
WHERE MaKQ >= 101;


ALTER TABLE NhomHocPhan AUTO_INCREMENT = 16;
ALTER TABLE LichDangKy AUTO_INCREMENT = 4;
ALTER TABLE KetQua AUTO_INCREMENT = 101;


-- script chèn thêm để test đăng ký học phần
INSERT INTO LichDangKy (ThoiGianBatDau, ThoiGianKetThuc, Status)
VALUES ('2025-01-01 08:00:00', '2026-01-01 08:00:00', 1); -- Lịch Them

INSERT INTO NhomHocPhan (MaGV, MaHP, MaLichDK, MaLop, HocKy, Nam, SiSo)
VALUES (2, 1, 4, 1, 2, 2025, 48),
       (2, 2, 4, 2, 2, 2025, 52),
       (2, 3, 4, 3, 2, 2025, 50),
       (2, 4, 4, 4, 2, 2025, 49),
       (2, 5, 4, 5, 2, 2025, 55),
       (6, 6, 4, 6, 2, 2025, 46),
       (7, 7, 4, 7, 2, 2025, 58),
       (8, 8, 4, 8, 2, 2025, 51),
       (9, 9, 4, 9, 2, 2025, 47),
       (10, 10, 4, 10, 2, 2025, 53);


INSERT INTO LichHoc (MaPH, MaNHP, Thu, TietBatDau, TuNgay, DenNgay, TietKetThuc, SoTiet)
VALUES (1, 16, 'Thứ 2', 1, '2025-02-17', '2025-06-01', 3, 3),
       (2, 17, 'Thứ 2', 1, '2025-02-17', '2025-06-01', 3, 3),
       (3, 18, 'Thứ 4', 4, '2025-02-17', '2025-06-01', 6, 3),
       (4, 19, 'Thứ 5', 7, '2025-02-17', '2025-06-01', 9, 3),
       (5, 20, 'Thứ 6', 1, '2025-02-17', '2025-06-01', 3, 3),
       (6, 21, 'Thứ 7', 4, '2025-02-17', '2025-06-01', 5, 3),
       (7, 22, 'Thứ 2', 7, '2025-02-17', '2025-06-01', 9, 3),
       (8, 23, 'Thứ 2', 4, '2025-02-17', '2025-06-01', 5, 3),
       (9, 24, 'Thứ 3', 7, '2025-02-17', '2025-06-01', 9, 3),
       (9, 25, 'Thứ 3', 9, '2025-02-17', '2025-06-01', 10, 3);

INSERT INTO `DangKy` (`MaNHP`, `MaSV`)
VALUES (16, 1),
       (16, 2),
       (16, 3),
       (16, 4),
       (16, 5),
       (16, 6),
       (16, 7),
       (16, 8),
       (16, 9),
       (16, 10),
       (17, 11),
       (17, 12),
       (17, 13),
       (17, 14),
       (17, 15),
       (17, 16),
       (17, 17),
       (17, 18),
       (17, 19),
       (17, 20),
       (18, 21),
       (18, 22),
       (18, 23),
       (18, 24),
       (18, 25),
       (18, 26),
       (18, 27),
       (18, 28),
       (18, 29),
       (18, 30),
       (19, 31),
       (19, 32),
       (19, 33),
       (19, 34),
       (19, 35),
       (19, 36),
       (19, 37),
       (19, 38),
       (19, 39),
       (19, 40),
       (20, 41),
       (20, 42),
       (20, 43),
       (20, 44),
       (20, 45),
       (20, 46),
       (20, 47),
       (20, 48),
       (20, 49),
       (20, 50),
       (21, 51),
       (21, 52),
       (21, 53),
       (21, 54),
       (21, 55),
       (21, 56),
       (21, 57),
       (21, 58),
       (21, 59),
       (21, 60),
       (22, 61),
       (22, 62),
       (22, 63),
       (22, 64),
       (22, 65),
       (22, 66),
       (22, 67),
       (22, 68),
       (22, 69),
       (22, 70),
       (23, 71),
       (23, 72),
       (23, 73),
       (23, 74),
       (23, 75),
       (23, 76),
       (23, 77),
       (23, 78),
       (23, 79),
       (23, 80),
       (24, 81),
       (24, 82),
       (24, 83),
       (24, 84),
       (24, 85),
       (24, 86),
       (24, 87),
       (24, 88),
       (24, 89),
       (24, 90),
       (25, 91),
       (25, 92),
       (25, 93),
       (25, 94),
       (25, 95),
       (25, 96),
       (25, 97),
       (25, 98),
       (25, 99),
       (25, 100);

INSERT INTO `KetQua` (`MaHP`, `MaSV`, `HocKy`, `Nam`)
VALUES (1, 1, 2, '2025'),
       (1, 2, 2, '2025'),
       (1, 3, 2, '2025'),
       (1, 4, 2, '2025'),
       (1, 5, 2, '2025'),
       (1, 6, 2, '2025'),
       (1, 7, 2, '2025'),
       (1, 8, 2, '2025'),
       (1, 9, 2, '2025'),
       (1, 10, 2, '2025'),
       (2, 11, 2, '2025'),
       (2, 12, 2, '2025'),
       (2, 13, 2, '2025'),
       (2, 14, 2, '2025'),
       (2, 15, 2, '2025'),
       (2, 16, 2, '2025'),
       (2, 17, 2, '2025'),
       (2, 18, 2, '2025'),
       (2, 19, 2, '2025'),
       (2, 20, 2, '2025'),
       (3, 21, 2, '2025'),
       (3, 22, 2, '2025'),
       (3, 23, 2, '2025'),
       (3, 24, 2, '2025'),
       (3, 25, 2, '2025'),
       (3, 26, 2, '2025'),
       (3, 27, 2, '2025'),
       (3, 28, 2, '2025'),
       (3, 29, 2, '2025'),
       (3, 30, 2, '2025'),
       (4, 31, 2, '2025'),
       (4, 32, 2, '2025'),
       (4, 33, 2, '2025'),
       (4, 34, 2, '2025'),
       (4, 35, 2, '2025'),
       (4, 36, 2, '2025'),
       (4, 37, 2, '2025'),
       (4, 38, 2, '2025'),
       (4, 39, 2, '2025'),
       (4, 40, 2, '2025'),
       (5, 41, 2, '2025'),
       (5, 42, 2, '2025'),
       (5, 43, 2, '2025'),
       (5, 44, 2, '2025'),
       (5, 45, 2, '2025'),
       (5, 46, 2, '2025'),
       (5, 47, 2, '2025'),
       (5, 48, 2, '2025'),
       (5, 49, 2, '2025'),
       (5, 50, 2, '2025'),
       (6, 51, 2, '2025'),
       (6, 52, 2, '2025'),
       (6, 53, 2, '2025'),
       (6, 54, 2, '2025'),
       (6, 55, 2, '2025'),
       (6, 56, 2, '2025'),
       (6, 57, 2, '2025'),
       (6, 58, 2, '2025'),
       (6, 59, 2, '2025'),
       (6, 60, 2, '2025'),
       (7, 61, 2, '2025'),
       (7, 62, 2, '2025'),
       (7, 63, 2, '2025'),
       (7, 64, 2, '2025'),
       (7, 65, 2, '2025'),
       (7, 66, 2, '2025'),
       (7, 67, 2, '2025'),
       (7, 68, 2, '2025'),
       (7, 69, 2, '2025'),
       (7, 70, 2, '2025'),
       (8, 71, 2, '2025'),
       (8, 72, 2, '2025'),
       (8, 73, 2, '2025'),
       (8, 74, 2, '2025'),
       (8, 75, 2, '2025'),
       (8, 76, 2, '2025'),
       (8, 77, 2, '2025'),
       (8, 78, 2, '2025'),
       (8, 79, 2, '2025'),
       (8, 80, 2, '2025'),
       (9, 81, 2, '2025'),
       (9, 82, 2, '2025'),
       (9, 83, 2, '2025'),
       (9, 84, 2, '2025'),
       (9, 85, 2, '2025'),
       (9, 86, 2, '2025'),
       (9, 87, 2, '2025'),
       (9, 88, 2, '2025'),
       (9, 89, 2, '2025'),
       (9, 90, 2, '2025'),
       (10, 91, 2, '2025'),
       (10, 92, 2, '2025'),
       (10, 93, 2, '2025'),
       (10, 94, 2, '2025'),
       (10, 95, 2, '2025'),
       (10, 96, 2, '2025'),
       (10, 97, 2, '2025'),
       (10, 98, 2, '2025'),
       (10, 99, 2, '2025'),
       (10, 100, 2, '2025');

INSERT INTO HocPhiHocPhan (MaSV, MaHP, TongTien, HocKy, Nam)
VALUES (1, 1, 934000, 2, '2025'),
       (2, 1, 885000, 2, '2025'),
       (3, 1, 912000, 2, '2025'),
       (4, 1, 938000, 2, '2025'),
       (5, 1, 908000, 2, '2025'),
       (6, 1, 891000, 2, '2025'),
       (7, 1, 896000, 2, '2025'),
       (8, 1, 873000, 2, '2025'),
       (9, 1, 864000, 2, '2025'),
       (10, 1, 941000, 2, '2025'),
       (11, 2, 877000, 2, '2025'),
       (12, 2, 883000, 2, '2025'),
       (13, 2, 931000, 2, '2025'),
       (14, 2, 902000, 2, '2025'),
       (15, 2, 942000, 2, '2025'),
       (16, 2, 862000, 2, '2025'),
       (17, 2, 914000, 2, '2025'),
       (18, 2, 884000, 2, '2025'),
       (19, 2, 945000, 2, '2025'),
       (20, 2, 876000, 2, '2025'),
       (21, 3, 851000, 2, '2025'),
       (22, 3, 869000, 2, '2025'),
       (23, 3, 913000, 2, '2025'),
       (24, 3, 918000, 2, '2025'),
       (25, 3, 906000, 2, '2025'),
       (26, 3, 930000, 2, '2025'),
       (27, 3, 874000, 2, '2025'),
       (28, 3, 911000, 2, '2025'),
       (29, 3, 921000, 2, '2025'),
       (30, 3, 889000, 2, '2025'),
       (31, 4, 916000, 2, '2025'),
       (32, 4, 856000, 2, '2025'),
       (33, 4, 917000, 2, '2025'),
       (34, 4, 933000, 2, '2025'),
       (35, 4, 940000, 2, '2025'),
       (36, 4, 870000, 2, '2025'),
       (37, 4, 895000, 2, '2025'),
       (38, 4, 928000, 2, '2025'),
       (39, 4, 852000, 2, '2025'),
       (40, 4, 919000, 2, '2025'),
       (41, 5, 890000, 2, '2025'),
       (42, 5, 860000, 2, '2025'),
       (43, 5, 948000, 2, '2025'),
       (44, 5, 905000, 2, '2025'),
       (45, 5, 904000, 2, '2025'),
       (46, 5, 894000, 2, '2025'),
       (47, 5, 927000, 2, '2025'),
       (48, 5, 865000, 2, '2025'),
       (49, 5, 881000, 2, '2025'),
       (50, 5, 896000, 2, '2025'),
       (51, 6, 925000, 2, '2025'),
       (52, 6, 853000, 2, '2025'),
       (53, 6, 939000, 2, '2025'),
       (54, 6, 910000, 2, '2025'),
       (55, 6, 933000, 2, '2025'),
       (56, 6, 875000, 2, '2025'),
       (57, 6, 850000, 2, '2025'),
       (58, 6, 944000, 2, '2025'),
       (59, 6, 907000, 2, '2025'),
       (60, 6, 934000, 2, '2025'),
       (61, 7, 882000, 2, '2025'),
       (62, 7, 910000, 2, '2025'),
       (63, 7, 857000, 2, '2025'),
       (64, 7, 927000, 2, '2025'),
       (65, 7, 866000, 2, '2025'),
       (66, 7, 891000, 2, '2025'),
       (67, 7, 923000, 2, '2025'),
       (68, 7, 854000, 2, '2025'),
       (69, 7, 903000, 2, '2025'),
       (70, 7, 941000, 2, '2025'),
       (71, 8, 877000, 2, '2025'),
       (72, 8, 932000, 2, '2025'),
       (73, 8, 864000, 2, '2025'),
       (74, 8, 915000, 2, '2025'),
       (75, 8, 939000, 2, '2025'),
       (76, 8, 888000, 2, '2025'),
       (77, 8, 920000, 2, '2025'),
       (78, 8, 901000, 2, '2025'),
       (79, 8, 862000, 2, '2025'),
       (80, 8, 930000, 2, '2025'),
       (81, 9, 875000, 2, '2025'),
       (82, 9, 905000, 2, '2025'),
       (83, 9, 850000, 2, '2025'),
       (84, 9, 945000, 2, '2025'),
       (85, 9, 912000, 2, '2025'),
       (86, 9, 890000, 2, '2025'),
       (87, 9, 922000, 2, '2025'),
       (88, 9, 937000, 2, '2025'),
       (89, 9, 858000, 2, '2025'),
       (90, 9, 899000, 2, '2025'),
       (91, 10, 917000, 2, '2025'),
       (92, 10, 874000, 2, '2025'),
       (93, 10, 931000, 2, '2025'),
       (94, 10, 861000, 2, '2025'),
       (95, 10, 906000, 2, '2025'),
       (96, 10, 945000, 2, '2025'),
       (97, 10, 885000, 2, '2025'),
       (98, 10, 919000, 2, '2025'),
       (99, 10, 853000, 2, '2025'),
       (100, 10, 927000, 2, '2025');